0,26,1,0
0,97,0,1
0,98,0,1
0,109,0,1
0,118,0,1
0,142,0,1
0,161,0,1
0,193,1,0
0,256,0,1
0,372,0,1
0,390,0,1
0,426,1,0
0,454,0,1
0,455,1,0
0,467,0,1
0,469,1,0
0,473,0,1
0,476,1,0
0,483,0,1
1,26,1,0
1,97,1,0
1,98,1,0
1,109,0,1
1,118,1,0
1,142,1,0
1,161,0,1
1,193,1,0
1,256,1,0
1,372,0,1
1,390,0,1
1,426,1,0
1,454,0,1
1,455,0,1
1,467,0,1
1,469,1,0
1,473,1,0
1,476,0,1
1,483,1,0
2,26,0,1
2,97,1,0
2,98,1,0
2,109,0,1
2,118,0,1
2,142,1,0
2,161,0,1
2,193,1,0
2,256,0,1
2,372,0,1
2,390,1,0
2,426,1,0
2,454,1,0
2,455,1,0
2,467,0,1
2,469,0,1
2,473,0,1
2,476,1,0
2,483,0,1
3,26,0,1
3,97,1,0
3,98,0,1
3,109,1,0
3,118,0,1
3,142,1,0
3,161,1,0
3,193,1,0
3,256,1,0
3,372,0,1
3,390,0,1
3,426,0,1
3,454,0,1
3,455,1,0
3,467,0,1
3,469,1,0
3,473,0,1
3,476,1,0
3,483,1,0
4,26,1,0
4,97,1,0
4,98,1,0
4,109,0,1
4,118,0,1
4,142,1,0
4,161,1,0
4,193,1,0
4,256,1,0
4,372,1,0
4,390,1,0
4,426,0,1
4,454,1,0
4,455,1,0
4,467,1,0
4,469,0,1
4,473,0,1
4,476,1,0
4,483,1,0
5,26,0,1
5,97,0,1
5,98,1,0
5,109,1,0
5,118,0,1
5,142,0,1
5,161,1,0
5,193,1,0
5,256,1,0
5,372,0,1
5,390,0,1
5,426,0,1
5,454,0,1
5,455,1,0
5,467,1,0
5,469,0,1
5,473,1,0
5,476,0,1
5,483,0,1
6,26,0,1
6,97,1,0
6,98,1,0
6,109,1,0
6,118,0,1
6,142,1,0
6,161,1,0
6,193,0,1
6,256,1,0
6,372,1,0
6,390,0,1
6,426,0,1
6,454,1,0
6,455,1,0
6,467,1,0
6,469,1,0
6,473,0,1
6,476,1,0
6,483,0,1
7,26,1,0
7,97,1,0
7,98,0,1
7,109,1,0
7,118,1,0
7,142,0,1
7,161,1,0
7,193,0,1
7,256,0,1
7,372,1,0
7,390,1,0
7,426,1,0
7,454,0,1
7,455,0,1
7,467,0,1
7,469,1,0
7,473,1,0
7,476,0,1
7,483,0,1
8,26,1,0
8,97,0,1
8,98,1,0
8,109,0,1
8,118,1,0
8,142,0,1
8,161,0,1
8,193,1,0
8,256,0,1
8,372,1,0
8,390,1,0
8,426,0,1
8,454,1,0
8,455,1,0
8,467,0,1
8,469,0,1
8,473,0,1
8,476,0,1
8,483,1,0
9,26,0,1
9,97,1,0
9,98,1,0
9,109,1,0
9,118,1,0
9,142,1,0
9,161,0,1
9,193,1,0
9,256,0,1
9,372,1,0
9,390,1,0
9,426,1,0
9,454,1,0
9,455,1,0
9,467,1,0
9,469,0,1
9,473,1,0
9,476,1,0
9,483,1,0
40,25,0,1
40,37,0,1
40,40,0,1
40,43,0,1
40,48,1,0
40,53,0,1
40,64,1,0
40,106,0,1
40,166,0,1
40,183,1,0
40,196,1,0
40,212,1,0
40,240,1,0
40,270,1,0
40,277,0,1
40,298,1,0
40,303,1,0
40,328,0,1
40,356,0,1
40,385,0,1
40,399,0,1
40,400,0,1
40,403,1,0
40,432,0,1
40,440,1,0
40,453,0,1
40,466,0,1
40,470,0,1
40,482,0,1
41,25,0,1
41,37,0,1
41,40,0,1
41,43,0,1
41,48,1,0
41,53,0,1
41,64,1,0
41,106,0,1
41,166,0,1
41,183,1,0
41,196,1,0
41,212,1,0
41,240,1,0
41,270,1,0
41,277,0,1
41,298,1,0
41,303,1,0
41,328,0,1
41,356,0,1
41,385,0,1
41,399,0,1
41,400,0,1
41,403,1,0
41,432,0,1
41,440,1,0
41,453,0,1
41,466,0,1
41,470,0,1
41,482,0,1
42,25,0,1
42,37,0,1
42,40,0,1
42,43,0,1
42,48,1,0
42,53,0,1
42,64,1,0
42,106,0,1
42,166,0,1
42,183,1,0
42,196,1,0
42,212,1,0
42,240,1,0
42,270,1,0
42,277,0,1
42,298,1,0
42,303,1,0
42,328,0,1
42,356,0,1
42,385,0,1
42,399,0,1
42,400,0,1
42,403,1,0
42,432,0,1
42,440,1,0
42,453,0,1
42,466,0,1
42,470,0,1
42,482,0,1
43,25,0,1
43,37,0,1
43,40,0,1
43,43,0,1
43,48,1,0
43,53,0,1
43,64,1,0
43,106,0,1
43,166,0,1
43,183,1,0
43,196,1,0
43,212,1,0
43,240,1,0
43,270,1,0
43,277,0,1
43,298,1,0
43,303,1,0
43,328,0,1
43,356,0,1
43,385,0,1
43,399,0,1
43,400,0,1
43,403,1,0
43,432,0,1
43,440,1,0
43,453,0,1
43,466,0,1
43,470,0,1
43,482,0,1
45,25,0,1
45,37,0,1
45,40,0,1
45,43,0,1
45,48,1,0
45,53,0,1
45,64,1,0
45,106,0,1
45,166,0,1
45,183,1,0
45,196,1,0
45,212,1,0
45,240,1,0
45,270,1,0
45,277,0,1
45,298,1,0
45,303,1,0
45,328,0,1
45,356,0,1
45,385,0,1
45,399,0,1
45,400,0,1
45,403,1,0
45,432,0,1
45,440,1,0
45,453,0,1
45,466,0,1
45,470,0,1
45,482,0,1
46,25,0,1
46,37,0,1
46,40,0,1
46,43,0,1
46,48,1,0
46,53,0,1
46,64,1,0
46,106,0,1
46,166,0,1
46,183,1,0
46,196,1,0
46,212,1,0
46,240,1,0
46,270,1,0
46,277,0,1
46,298,1,0
46,303,1,0
46,328,0,1
46,356,0,1
46,385,0,1
46,399,0,1
46,400,0,1
46,403,1,0
46,432,0,1
46,440,1,0
46,453,0,1
46,466,0,1
46,470,0,1
46,482,0,1
47,25,0,1
47,37,0,1
47,40,0,1
47,43,0,1
47,48,1,0
47,53,0,1
47,64,1,0
47,106,0,1
47,166,0,1
47,183,1,0
47,196,1,0
47,212,1,0
47,240,1,0
47,270,1,0
47,277,0,1
47,298,1,0
47,303,1,0
47,328,0,1
47,356,0,1
47,385,0,1
47,399,0,1
47,400,0,1
47,403,1,0
47,432,0,1
47,440,1,0
47,453,0,1
47,466,0,1
47,470,0,1
47,482,0,1
48,25,0,1
48,37,0,1
48,40,0,1
48,43,0,1
48,48,1,0
48,53,0,1
48,64,1,0
48,106,0,1
48,166,0,1
48,183,1,0
48,196,1,0
48,212,1,0
48,240,1,0
48,270,1,0
48,277,0,1
48,298,1,0
48,303,1,0
48,328,0,1
48,356,0,1
48,385,0,1
48,399,0,1
48,400,0,1
48,403,1,0
48,432,0,1
48,440,1,0
48,453,0,1
48,466,0,1
48,470,0,1
48,482,0,1
49,25,0,1
49,37,0,1
49,40,0,1
49,43,0,1
49,48,1,0
49,53,0,1
49,64,1,0
49,106,0,1
49,166,0,1
49,183,1,0
49,196,1,0
49,212,1,0
49,240,1,0
49,270,1,0
49,277,0,1
49,298,1,0
49,303,1,0
49,328,0,1
49,356,0,1
49,385,0,1
49,399,0,1
49,400,0,1
49,403,1,0
49,432,0,1
49,440,1,0
49,453,0,1
49,466,0,1
49,470,0,1
49,482,0,1
50,25,0,1
50,37,0,1
50,40,0,1
50,43,0,1
50,48,1,0
50,53,0,1
50,64,1,0
50,106,0,1
50,166,0,1
50,183,1,0
50,196,1,0
50,212,1,0
50,240,1,0
50,270,1,0
50,277,0,1
50,298,1,0
50,303,1,0
50,328,0,1
50,356,0,1
50,385,0,1
50,399,0,1
50,400,0,1
50,403,1,0
50,432,0,1
50,440,1,0
50,453,0,1
50,466,0,1
50,470,0,1
50,482,0,1
84,4,0,1
84,8,0,1
84,14,0,1
84,22,0,1
84,62,0,1
84,84,0,1
84,128,0,1
84,129,0,1
84,138,0,1
84,141,1,0
84,153,0,1
84,191,0,1
84,206,0,1
84,214,1,0
84,223,0,1
84,227,0,1
84,232,0,1
84,243,1,0
84,246,0,1
84,286,0,1
84,292,1,0
84,296,1,0
84,381,0,1
84,434,1,0
84,437,0,1
84,472,0,1
84,475,0,1
85,4,0,1
85,8,0,1
85,14,0,1
85,22,0,1
85,62,0,1
85,84,0,1
85,128,1,0
85,129,0,1
85,138,0,1
85,141,0,1
85,191,0,1
85,206,0,1
85,214,0,1
85,223,0,1
85,227,0,1
85,232,0,1
85,243,0,1
85,246,0,1
85,286,0,1
85,292,0,1
85,296,0,1
85,381,0,1
85,434,0,1
85,437,1,0
85,472,0,1
85,475,0,1
87,4,0,1
87,8,0,1
87,14,0,1
87,22,0,1
87,62,0,1
87,84,0,1
87,128,0,1
87,129,0,1
87,138,0,1
87,141,0,1
87,191,0,1
87,206,0,1
87,214,1,0
87,223,0,1
87,227,0,1
87,232,0,1
87,243,1,0
87,246,0,1
87,286,1,0
87,292,1,0
87,296,0,1
87,381,0,1
87,434,1,0
87,437,0,1
87,472,0,1
87,475,0,1
88,4,0,1
88,8,0,1
88,14,0,1
88,22,0,1
88,62,1,0
88,84,0,1
88,128,0,1
88,129,0,1
88,138,0,1
88,141,1,0
88,191,0,1
88,206,0,1
88,214,1,0
88,223,1,0
88,227,0,1
88,232,0,1
88,243,1,0
88,246,0,1
88,286,1,0
88,292,1,0
88,296,1,0
88,381,0,1
88,434,0,1
88,437,0,1
88,472,0,1
88,475,0,1
89,4,0,1
89,14,0,1
89,22,0,1
89,62,0,1
89,84,0,1
89,128,0,1
89,129,0,1
89,138,0,1
89,141,1,0
89,191,0,1
89,206,0,1
89,214,1,0
89,223,1,0
89,227,0,1
89,232,0,1
89,243,1,0
89,246,0,1
89,286,1,0
89,292,1,0
89,296,1,0
89,381,0,1
89,434,0,1
89,437,0,1
89,472,0,1
89,475,0,1
90,4,0,1
90,8,0,1
90,14,0,1
90,22,0,1
90,62,1,0
90,84,0,1
90,128,0,1
90,129,0,1
90,138,0,1
90,141,0,1
90,191,0,1
90,206,0,1
90,214,1,0
90,223,0,1
90,227,0,1
90,232,0,1
90,243,1,0
90,246,0,1
90,286,1,0
90,292,1,0
90,296,0,1
90,381,0,1
90,434,0,1
90,437,0,1
90,472,0,1
90,475,0,1
91,4,0,1
91,8,0,1
91,14,0,1
91,22,0,1
91,62,0,1
91,84,0,1
91,128,0,1
91,129,0,1
91,138,0,1
91,141,1,0
91,191,0,1
91,206,0,1
91,214,1,0
91,223,1,0
91,227,0,1
91,232,0,1
91,243,1,0
91,246,0,1
91,286,1,0
91,292,1,0
91,296,0,1
91,381,0,1
91,434,0,1
91,437,0,1
91,472,0,1
91,475,0,1
92,4,0,1
92,8,0,1
92,14,0,1
92,22,0,1
92,62,0,1
92,84,0,1
92,128,0,1
92,129,0,1
92,138,0,1
92,141,0,1
92,191,0,1
92,206,0,1
92,214,1,0
92,223,0,1
92,227,0,1
92,232,0,1
92,243,1,0
92,246,0,1
92,286,1,0
92,292,1,0
92,296,0,1
92,381,0,1
92,434,0,1
92,437,0,1
92,472,0,1
92,475,0,1
104,80,0,1
104,82,0,1
104,96,0,1
104,119,0,1
104,150,0,1
104,156,0,1
104,160,0,1
104,171,0,1
104,173,0,1
104,175,0,1
104,190,0,1
104,221,0,1
104,229,1,0
104,244,0,1
104,257,0,1
104,263,0,1
104,264,0,1
104,291,1,0
104,300,0,1
104,323,1,0
104,344,1,0
104,361,0,1
104,362,0,1
104,364,0,1
104,369,0,1
104,376,0,1
104,430,1,0
104,441,1,0
104,444,0,1
104,451,0,1
104,456,0,1
104,461,0,1
104,465,0,1
104,468,1,0
104,474,0,1
104,486,1,0
105,80,0,1
105,82,0,1
105,96,0,1
105,119,0,1
105,150,0,1
105,156,0,1
105,160,0,1
105,171,0,1
105,173,0,1
105,175,0,1
105,190,0,1
105,221,0,1
105,229,1,0
105,244,0,1
105,257,0,1
105,263,0,1
105,264,0,1
105,291,0,1
105,300,0,1
105,323,0,1
105,344,0,1
105,361,0,1
105,362,0,1
105,364,0,1
105,369,0,1
105,376,0,1
105,430,0,1
105,441,0,1
105,444,0,1
105,451,0,1
105,456,0,1
105,461,0,1
105,465,0,1
105,468,0,1
105,474,1,0
105,486,1,0
106,80,0,1
106,82,0,1
106,96,0,1
106,119,0,1
106,150,0,1
106,156,0,1
106,160,0,1
106,171,0,1
106,173,0,1
106,175,0,1
106,190,0,1
106,221,0,1
106,229,1,0
106,244,0,1
106,257,0,1
106,263,0,1
106,264,0,1
106,291,0,1
106,300,0,1
106,323,0,1
106,344,0,1
106,361,0,1
106,362,0,1
106,364,0,1
106,369,0,1
106,376,0,1
106,430,1,0
106,441,1,0
106,444,0,1
106,451,0,1
106,456,0,1
106,461,0,1
106,465,0,1
106,468,0,1
106,474,0,1
106,486,1,0
107,80,0,1
107,82,0,1
107,96,0,1
107,119,0,1
107,150,0,1
107,156,0,1
107,160,0,1
107,171,0,1
107,173,0,1
107,175,0,1
107,190,0,1
107,221,0,1
107,229,1,0
107,244,0,1
107,257,0,1
107,263,0,1
107,264,0,1
107,291,0,1
107,300,0,1
107,323,0,1
107,344,0,1
107,361,0,1
107,362,0,1
107,364,0,1
107,369,0,1
107,376,0,1
107,430,0,1
107,441,0,1
107,444,0,1
107,451,0,1
107,456,0,1
107,461,0,1
107,465,0,1
107,468,0,1
107,474,1,0
107,486,1,0
108,80,0,1
108,82,0,1
108,96,0,1
108,119,0,1
108,150,0,1
108,156,0,1
108,160,0,1
108,171,0,1
108,173,0,1
108,175,0,1
108,190,0,1
108,221,0,1
108,229,0,1
108,244,0,1
108,257,0,1
108,263,0,1
108,264,0,1
108,291,0,1
108,300,0,1
108,323,0,1
108,344,0,1
108,361,0,1
108,362,0,1
108,364,0,1
108,369,0,1
108,376,0,1
108,430,0,1
108,441,0,1
108,444,0,1
108,451,0,1
108,456,0,1
108,461,0,1
108,465,0,1
108,468,0,1
108,474,0,1
108,486,1,0
109,80,0,1
109,82,0,1
109,96,0,1
109,119,0,1
109,150,0,1
109,156,0,1
109,160,0,1
109,171,0,1
109,173,0,1
109,175,0,1
109,190,0,1
109,221,0,1
109,229,1,0
109,244,0,1
109,257,0,1
109,263,0,1
109,264,0,1
109,291,0,1
109,300,0,1
109,323,0,1
109,344,0,1
109,361,0,1
109,362,0,1
109,364,0,1
109,369,0,1
109,376,0,1
109,430,0,1
109,441,0,1
109,444,0,1
109,451,0,1
109,456,0,1
109,461,0,1
109,465,0,1
109,468,0,1
109,474,1,0
109,486,1,0
140,30,1,0
140,52,1,0
140,89,0,1
140,125,1,0
140,144,1,0
140,145,1,0
140,186,1,0
140,252,1,0
140,336,1,0
141,30,0,1
141,52,1,0
141,89,1,0
141,125,1,0
141,144,0,1
141,145,1,0
141,186,1,0
141,252,1,0
141,336,1,0
143,30,0,1
143,52,0,1
143,89,1,0
143,125,1,0
143,144,0,1
143,145,1,0
143,186,0,1
143,252,0,1
143,336,0,1
144,30,0,1
144,52,0,1
144,89,1,0
144,125,0,1
144,144,1,0
144,145,1,0
144,186,0,1
144,252,1,0
144,336,0,1
185,67,0,1
185,112,0,1
185,124,1,0
185,194,1,0
185,235,0,1
185,265,1,0
185,281,1,0
185,307,1,0
185,309,1,0
185,311,1,0
185,325,1,0
185,341,1,0
185,353,0,1
185,360,1,0
185,384,0,1
185,395,1,0
185,491,1,0
186,67,0,1
186,112,0,1
186,124,1,0
186,194,1,0
186,235,0,1
186,265,1,0
186,281,1,0
186,307,1,0
186,309,1,0
186,311,1,0
186,325,1,0
186,341,1,0
186,353,0,1
186,360,1,0
186,384,0,1
186,395,1,0
186,491,1,0
187,67,0,1
187,112,0,1
187,124,1,0
187,194,1,0
187,235,0,1
187,265,1,0
187,281,1,0
187,307,1,0
187,309,1,0
187,311,1,0
187,325,1,0
187,341,1,0
187,353,0,1
187,360,1,0
187,384,0,1
187,395,1,0
187,491,1,0
188,67,0,1
188,112,0,1
188,124,1,0
188,194,1,0
188,235,0,1
188,265,1,0
188,281,1,0
188,307,1,0
188,309,1,0
188,311,1,0
188,325,1,0
188,341,1,0
188,353,0,1
188,360,1,0
188,384,0,1
188,395,1,0
188,491,1,0
189,67,0,1
189,112,0,1
189,124,1,0
189,194,1,0
189,235,0,1
189,265,1,0
189,281,1,0
189,307,1,0
189,309,1,0
189,311,1,0
189,325,1,0
189,341,1,0
189,353,0,1
189,360,1,0
189,384,0,1
189,395,1,0
189,491,1,0
225,3,1,0
225,29,1,0
225,34,0,1
225,49,1,0
225,100,0,1
225,111,0,1
225,121,0,1
225,134,0,1
225,135,0,1
225,136,0,1
225,143,1,0
225,174,1,0
225,184,0,1
225,220,1,0
225,224,1,0
225,226,0,1
225,238,0,1
225,239,0,1
225,250,1,0
225,253,0,1
225,254,0,1
225,258,0,1
225,262,0,1
225,271,1,0
225,272,0,1
225,278,0,1
225,284,0,1
225,287,0,1
225,288,0,1
225,290,0,1
225,306,1,0
225,310,1,0
225,314,1,0
225,324,1,0
225,326,1,0
225,335,1,0
225,338,1,0
225,340,1,0
225,345,0,1
225,351,0,1
225,354,0,1
225,358,1,0
225,373,1,0
225,383,1,0
225,387,0,1
225,389,1,0
225,398,1,0
225,405,1,0
225,406,1,0
225,419,1,0
225,427,1,0
225,428,1,0
225,443,0,1
225,449,0,1
225,480,0,1
225,498,1,0
225,499,0,1
226,3,1,0
226,29,1,0
226,34,0,1
226,49,1,0
226,100,0,1
226,111,0,1
226,121,0,1
226,134,0,1
226,135,0,1
226,136,0,1
226,143,1,0
226,174,1,0
226,184,0,1
226,220,1,0
226,224,1,0
226,226,0,1
226,238,0,1
226,239,0,1
226,250,1,0
226,253,0,1
226,254,0,1
226,258,0,1
226,262,0,1
226,271,1,0
226,272,0,1
226,278,0,1
226,284,0,1
226,287,0,1
226,288,0,1
226,290,0,1
226,306,1,0
226,310,1,0
226,314,1,0
226,324,1,0
226,326,1,0
226,335,1,0
226,338,1,0
226,340,1,0
226,345,0,1
226,351,0,1
226,354,0,1
226,358,1,0
226,373,1,0
226,383,1,0
226,387,0,1
226,389,1,0
226,398,1,0
226,405,1,0
226,406,1,0
226,419,1,0
226,427,1,0
226,428,1,0
226,443,0,1
226,449,0,1
226,480,0,1
226,498,1,0
226,499,0,1
227,3,1,0
227,29,1,0
227,34,0,1
227,49,1,0
227,100,0,1
227,111,0,1
227,121,0,1
227,134,0,1
227,135,0,1
227,136,0,1
227,143,1,0
227,174,1,0
227,184,0,1
227,220,1,0
227,224,1,0
227,226,0,1
227,238,0,1
227,239,0,1
227,250,1,0
227,253,0,1
227,254,0,1
227,258,0,1
227,262,0,1
227,271,1,0
227,272,0,1
227,278,0,1
227,284,0,1
227,287,0,1
227,288,0,1
227,290,0,1
227,306,1,0
227,310,1,0
227,314,1,0
227,324,1,0
227,326,1,0
227,335,1,0
227,338,1,0
227,340,1,0
227,345,0,1
227,351,0,1
227,354,0,1
227,358,1,0
227,373,1,0
227,383,1,0
227,387,0,1
227,389,1,0
227,398,1,0
227,405,1,0
227,406,1,0
227,419,1,0
227,427,1,0
227,428,1,0
227,443,0,1
227,449,0,1
227,480,0,1
227,498,1,0
227,499,0,1
228,3,1,0
228,29,1,0
228,34,0,1
228,49,1,0
228,100,0,1
228,111,0,1
228,121,0,1
228,134,0,1
228,135,0,1
228,136,0,1
228,143,1,0
228,174,1,0
228,184,0,1
228,220,1,0
228,224,1,0
228,226,0,1
228,238,0,1
228,239,0,1
228,250,1,0
228,253,0,1
228,254,0,1
228,258,0,1
228,262,0,1
228,271,1,0
228,272,0,1
228,278,0,1
228,284,0,1
228,287,0,1
228,288,0,1
228,290,0,1
228,306,1,0
228,310,1,0
228,314,1,0
228,324,1,0
228,326,1,0
228,335,1,0
228,338,1,0
228,340,1,0
228,345,0,1
228,351,0,1
228,354,0,1
228,358,1,0
228,373,1,0
228,383,1,0
228,387,0,1
228,389,1,0
228,398,1,0
228,405,1,0
228,406,1,0
228,419,1,0
228,427,1,0
228,428,1,0
228,443,0,1
228,449,0,1
228,480,0,1
228,498,1,0
228,499,0,1
229,3,1,0
229,29,1,0
229,34,0,1
229,49,1,0
229,100,0,1
229,111,0,1
229,121,0,1
229,134,0,1
229,135,0,1
229,136,0,1
229,143,1,0
229,174,1,0
229,184,0,1
229,220,1,0
229,224,1,0
229,226,0,1
229,238,0,1
229,239,0,1
229,250,1,0
229,253,0,1
229,254,0,1
229,258,0,1
229,262,0,1
229,271,1,0
229,272,0,1
229,278,0,1
229,284,0,1
229,287,0,1
229,288,0,1
229,290,0,1
229,306,1,0
229,310,1,0
229,314,1,0
229,324,1,0
229,326,1,0
229,335,1,0
229,338,1,0
229,340,1,0
229,345,0,1
229,351,0,1
229,354,0,1
229,358,1,0
229,373,1,0
229,383,1,0
229,387,0,1
229,389,1,0
229,398,1,0
229,405,1,0
229,406,1,0
229,419,1,0
229,427,1,0
229,428,1,0
229,443,0,1
229,449,0,1
229,480,0,1
229,498,1,0
229,499,0,1
265,0,0,1
265,1,0,1
265,2,0,1
265,5,0,1
265,6,0,1
265,7,0,1
265,12,0,1
265,13,0,1
265,15,0,1
265,16,0,1
265,17,0,1
265,18,0,1
265,19,0,1
265,20,0,1
265,21,0,1
265,24,0,1
265,28,0,1
265,35,0,1
265,36,0,1
265,38,0,1
265,39,0,1
265,41,0,1
265,42,0,1
265,44,0,1
265,47,0,1
265,50,0,1
265,51,0,1
265,54,0,1
265,56,0,1
265,57,0,1
265,58,0,1
265,59,0,1
265,60,0,1
265,65,0,1
265,70,0,1
265,71,0,1
265,73,0,1
265,74,0,1
265,75,0,1
265,76,0,1
265,78,0,1
265,79,0,1
265,83,0,1
265,85,0,1
265,90,0,1
265,93,0,1
265,94,0,1
265,95,0,1
265,105,0,1
265,107,0,1
265,113,0,1
265,114,0,1
265,117,0,1
265,123,0,1
265,126,0,1
265,127,0,1
265,130,0,1
265,131,0,1
265,137,0,1
265,139,0,1
265,140,0,1
265,146,0,1
265,154,0,1
265,159,0,1
265,162,0,1
265,165,0,1
265,167,0,1
265,176,0,1
265,177,0,1
265,178,0,1
265,181,0,1
265,182,0,1
265,185,0,1
265,187,0,1
265,189,0,1
265,192,0,1
265,197,0,1
265,199,0,1
265,200,0,1
265,201,0,1
265,202,0,1
265,203,0,1
265,204,0,1
265,205,0,1
265,207,0,1
265,208,0,1
265,209,0,1
265,210,0,1
265,217,0,1
265,222,0,1
265,231,0,1
265,241,0,1
265,242,0,1
265,247,0,1
265,248,0,1
265,249,0,1
265,251,0,1
265,266,0,1
265,267,0,1
265,283,0,1
265,285,0,1
265,295,0,1
265,299,0,1
265,301,0,1
265,304,0,1
265,308,0,1
265,312,0,1
265,315,0,1
265,316,0,1
265,321,0,1
265,327,0,1
265,329,0,1
265,330,0,1
265,332,1,0
265,339,0,1
265,342,0,1
265,357,0,1
265,365,0,1
265,366,0,1
265,367,0,1
265,368,0,1
265,370,0,1
265,371,0,1
265,374,0,1
265,378,0,1
265,379,0,1
265,380,0,1
265,401,0,1
265,404,0,1
265,408,0,1
265,409,0,1
265,411,0,1
265,412,0,1
265,413,0,1
265,414,0,1
265,415,0,1
265,418,0,1
265,420,0,1
265,421,0,1
265,422,0,1
265,424,0,1
265,429,0,1
265,438,0,1
265,450,0,1
265,460,0,1
265,463,0,1
265,478,0,1
265,485,0,1
265,490,0,1
265,493,0,1
265,494,0,1
265,496,0,1
266,0,0,1
266,1,0,1
266,2,0,1
266,5,0,1
266,6,0,1
266,7,0,1
266,12,0,1
266,13,0,1
266,15,0,1
266,16,0,1
266,17,0,1
266,18,0,1
266,19,0,1
266,20,0,1
266,21,0,1
266,24,0,1
266,28,0,1
266,35,0,1
266,36,0,1
266,38,0,1
266,39,0,1
266,41,0,1
266,42,0,1
266,44,0,1
266,47,0,1
266,50,0,1
266,51,0,1
266,54,0,1
266,56,0,1
266,57,0,1
266,58,0,1
266,59,0,1
266,60,0,1
266,65,0,1
266,70,0,1
266,71,0,1
266,73,0,1
266,74,0,1
266,75,0,1
266,76,0,1
266,78,0,1
266,79,0,1
266,83,0,1
266,85,0,1
266,90,0,1
266,93,0,1
266,94,0,1
266,95,0,1
266,105,0,1
266,107,0,1
266,113,0,1
266,114,0,1
266,117,0,1
266,123,0,1
266,126,0,1
266,127,0,1
266,130,0,1
266,131,0,1
266,137,0,1
266,139,0,1
266,140,0,1
266,146,0,1
266,154,1,0
266,159,0,1
266,162,0,1
266,165,0,1
266,167,0,1
266,176,1,0
266,177,0,1
266,178,0,1
266,181,0,1
266,182,1,0
266,185,0,1
266,187,0,1
266,189,0,1
266,192,0,1
266,197,0,1
266,199,0,1
266,200,0,1
266,201,0,1
266,202,0,1
266,203,0,1
266,204,0,1
266,205,0,1
266,207,0,1
266,208,0,1
266,209,0,1
266,210,0,1
266,217,0,1
266,222,0,1
266,231,0,1
266,241,0,1
266,242,0,1
266,247,0,1
266,248,0,1
266,249,0,1
266,251,0,1
266,266,0,1
266,267,0,1
266,283,0,1
266,285,0,1
266,295,0,1
266,299,0,1
266,301,0,1
266,304,0,1
266,308,0,1
266,312,0,1
266,315,0,1
266,316,0,1
266,321,0,1
266,327,0,1
266,329,0,1
266,330,0,1
266,332,0,1
266,339,0,1
266,342,0,1
266,357,0,1
266,365,0,1
266,366,0,1
266,367,0,1
266,368,0,1
266,370,0,1
266,371,0,1
266,374,0,1
266,378,0,1
266,379,0,1
266,380,0,1
266,401,0,1
266,404,0,1
266,408,0,1
266,409,0,1
266,411,0,1
266,412,0,1
266,413,0,1
266,414,0,1
266,415,0,1
266,418,0,1
266,420,0,1
266,421,0,1
266,422,0,1
266,424,0,1
266,429,0,1
266,438,0,1
266,450,0,1
266,460,0,1
266,463,0,1
266,478,0,1
266,485,0,1
266,490,0,1
266,493,0,1
266,494,0,1
266,496,0,1
267,0,0,1
267,1,0,1
267,2,0,1
267,5,0,1
267,6,0,1
267,7,0,1
267,12,0,1
267,13,0,1
267,15,0,1
267,16,0,1
267,17,0,1
267,18,0,1
267,19,0,1
267,20,0,1
267,21,0,1
267,24,0,1
267,28,0,1
267,35,0,1
267,36,0,1
267,38,0,1
267,39,0,1
267,41,0,1
267,42,0,1
267,44,0,1
267,47,0,1
267,50,0,1
267,51,0,1
267,54,0,1
267,56,0,1
267,57,0,1
267,58,0,1
267,59,0,1
267,60,0,1
267,65,0,1
267,70,0,1
267,71,0,1
267,73,0,1
267,74,0,1
267,75,0,1
267,76,0,1
267,78,0,1
267,79,0,1
267,83,0,1
267,85,0,1
267,90,0,1
267,93,0,1
267,94,0,1
267,95,0,1
267,105,0,1
267,107,0,1
267,113,0,1
267,114,0,1
267,117,0,1
267,123,0,1
267,126,0,1
267,127,0,1
267,130,0,1
267,131,0,1
267,137,0,1
267,139,0,1
267,140,0,1
267,146,0,1
267,154,0,1
267,159,0,1
267,162,0,1
267,165,0,1
267,167,0,1
267,176,0,1
267,177,0,1
267,178,0,1
267,181,0,1
267,182,0,1
267,185,0,1
267,187,0,1
267,189,0,1
267,192,0,1
267,197,0,1
267,199,0,1
267,200,0,1
267,201,0,1
267,202,0,1
267,203,0,1
267,204,0,1
267,205,0,1
267,207,0,1
267,208,0,1
267,209,0,1
267,210,0,1
267,217,0,1
267,222,0,1
267,231,0,1
267,241,0,1
267,242,0,1
267,247,0,1
267,248,0,1
267,249,0,1
267,251,0,1
267,266,0,1
267,267,0,1
267,283,0,1
267,285,0,1
267,295,0,1
267,299,0,1
267,301,0,1
267,304,0,1
267,308,0,1
267,312,0,1
267,315,0,1
267,316,0,1
267,321,0,1
267,327,0,1
267,329,0,1
267,330,0,1
267,332,1,0
267,339,0,1
267,342,0,1
267,357,0,1
267,365,0,1
267,366,0,1
267,367,0,1
267,368,0,1
267,370,0,1
267,371,0,1
267,374,0,1
267,378,0,1
267,379,0,1
267,380,0,1
267,401,0,1
267,404,0,1
267,408,0,1
267,409,0,1
267,411,0,1
267,412,0,1
267,413,0,1
267,414,0,1
267,415,0,1
267,418,0,1
267,420,0,1
267,421,0,1
267,422,0,1
267,424,0,1
267,429,0,1
267,438,0,1
267,450,0,1
267,460,0,1
267,463,0,1
267,478,0,1
267,485,0,1
267,490,0,1
267,493,0,1
267,494,0,1
267,496,0,1
268,0,0,1
268,1,0,1
268,2,0,1
268,5,0,1
268,6,0,1
268,7,0,1
268,12,0,1
268,13,0,1
268,15,0,1
268,16,0,1
268,17,0,1
268,18,0,1
268,19,0,1
268,20,0,1
268,21,0,1
268,24,0,1
268,28,0,1
268,35,0,1
268,36,0,1
268,38,0,1
268,39,0,1
268,41,0,1
268,42,0,1
268,44,0,1
268,47,0,1
268,50,0,1
268,51,0,1
268,54,0,1
268,56,0,1
268,57,0,1
268,58,0,1
268,59,0,1
268,60,0,1
268,65,0,1
268,70,0,1
268,71,0,1
268,73,0,1
268,74,0,1
268,75,0,1
268,76,0,1
268,78,0,1
268,79,0,1
268,83,0,1
268,85,0,1
268,90,0,1
268,93,0,1
268,94,0,1
268,95,0,1
268,105,0,1
268,107,0,1
268,113,0,1
268,114,0,1
268,117,0,1
268,123,0,1
268,126,0,1
268,127,0,1
268,130,0,1
268,131,0,1
268,137,0,1
268,139,0,1
268,140,0,1
268,146,0,1
268,154,1,0
268,159,0,1
268,162,0,1
268,165,0,1
268,167,0,1
268,176,1,0
268,177,0,1
268,178,0,1
268,181,0,1
268,182,1,0
268,185,0,1
268,187,0,1
268,189,0,1
268,192,0,1
268,197,0,1
268,199,0,1
268,200,0,1
268,201,0,1
268,202,0,1
268,203,0,1
268,204,0,1
268,205,0,1
268,207,0,1
268,208,0,1
268,209,0,1
268,210,0,1
268,217,0,1
268,222,0,1
268,231,0,1
268,241,0,1
268,242,0,1
268,247,0,1
268,248,0,1
268,249,0,1
268,251,0,1
268,266,0,1
268,267,0,1
268,283,0,1
268,285,0,1
268,295,0,1
268,299,0,1
268,301,0,1
268,304,0,1
268,308,0,1
268,312,0,1
268,315,0,1
268,316,0,1
268,321,0,1
268,327,0,1
268,329,0,1
268,330,0,1
268,332,0,1
268,339,0,1
268,342,0,1
268,357,0,1
268,365,0,1
268,366,0,1
268,367,0,1
268,368,0,1
268,370,0,1
268,371,0,1
268,374,0,1
268,378,0,1
268,379,0,1
268,380,0,1
268,401,0,1
268,404,0,1
268,408,0,1
268,409,0,1
268,411,0,1
268,412,0,1
268,413,0,1
268,414,0,1
268,415,0,1
268,418,0,1
268,420,0,1
268,421,0,1
268,422,0,1
268,424,0,1
268,429,0,1
268,438,0,1
268,450,0,1
268,460,0,1
268,463,0,1
268,478,0,1
268,485,0,1
268,490,0,1
268,493,0,1
268,494,0,1
268,496,0,1
269,0,0,1
269,1,0,1
269,2,0,1
269,5,0,1
269,6,0,1
269,7,0,1
269,12,0,1
269,13,0,1
269,15,0,1
269,16,0,1
269,17,0,1
269,18,0,1
269,19,0,1
269,20,0,1
269,21,0,1
269,24,0,1
269,28,0,1
269,35,0,1
269,36,0,1
269,38,0,1
269,39,0,1
269,41,0,1
269,42,0,1
269,44,0,1
269,47,0,1
269,50,0,1
269,51,0,1
269,54,0,1
269,56,0,1
269,57,0,1
269,58,0,1
269,59,0,1
269,60,0,1
269,65,0,1
269,70,0,1
269,71,0,1
269,73,0,1
269,74,0,1
269,75,0,1
269,76,0,1
269,78,0,1
269,79,0,1
269,83,0,1
269,85,0,1
269,90,0,1
269,93,0,1
269,94,0,1
269,95,0,1
269,105,0,1
269,107,0,1
269,113,0,1
269,114,0,1
269,117,0,1
269,123,0,1
269,126,0,1
269,127,0,1
269,130,0,1
269,131,0,1
269,137,0,1
269,139,0,1
269,140,0,1
269,146,0,1
269,154,0,1
269,159,0,1
269,162,0,1
269,165,0,1
269,167,0,1
269,176,0,1
269,177,0,1
269,178,0,1
269,181,0,1
269,182,0,1
269,185,0,1
269,187,0,1
269,189,0,1
269,192,0,1
269,197,0,1
269,199,0,1
269,200,0,1
269,201,0,1
269,202,0,1
269,203,0,1
269,204,0,1
269,205,0,1
269,207,0,1
269,208,0,1
269,209,0,1
269,210,0,1
269,217,0,1
269,222,0,1
269,231,0,1
269,241,0,1
269,242,0,1
269,247,0,1
269,248,0,1
269,249,0,1
269,251,0,1
269,266,0,1
269,267,0,1
269,283,0,1
269,285,0,1
269,295,0,1
269,299,0,1
269,301,0,1
269,304,0,1
269,308,0,1
269,312,0,1
269,315,0,1
269,316,0,1
269,321,0,1
269,327,0,1
269,329,0,1
269,330,0,1
269,332,1,0
269,339,0,1
269,342,0,1
269,357,0,1
269,365,0,1
269,366,0,1
269,367,0,1
269,368,0,1
269,370,0,1
269,371,0,1
269,374,0,1
269,378,0,1
269,379,0,1
269,380,0,1
269,401,0,1
269,404,0,1
269,408,0,1
269,409,0,1
269,411,0,1
269,412,0,1
269,413,0,1
269,414,0,1
269,415,0,1
269,418,0,1
269,420,0,1
269,421,0,1
269,422,0,1
269,424,0,1
269,429,0,1
269,438,0,1
269,450,0,1
269,460,0,1
269,463,0,1
269,478,0,1
269,485,0,1
269,490,0,1
269,493,0,1
269,494,0,1
269,496,0,1
270,0,0,1
270,1,0,1
270,2,0,1
270,5,0,1
270,6,0,1
270,7,0,1
270,12,0,1
270,13,0,1
270,15,0,1
270,16,0,1
270,17,0,1
270,18,0,1
270,19,0,1
270,20,0,1
270,21,0,1
270,24,0,1
270,28,0,1
270,35,0,1
270,36,0,1
270,38,0,1
270,39,0,1
270,41,0,1
270,42,0,1
270,44,0,1
270,47,0,1
270,50,0,1
270,51,0,1
270,54,0,1
270,56,0,1
270,57,0,1
270,58,0,1
270,59,0,1
270,60,0,1
270,65,0,1
270,70,0,1
270,71,0,1
270,73,0,1
270,74,0,1
270,75,0,1
270,76,0,1
270,78,0,1
270,79,0,1
270,83,0,1
270,85,0,1
270,90,0,1
270,93,0,1
270,94,0,1
270,95,0,1
270,105,0,1
270,107,0,1
270,113,0,1
270,114,0,1
270,117,0,1
270,123,0,1
270,126,0,1
270,127,0,1
270,130,0,1
270,131,0,1
270,137,0,1
270,139,0,1
270,140,0,1
270,146,0,1
270,154,1,0
270,159,0,1
270,162,0,1
270,165,0,1
270,167,0,1
270,176,1,0
270,177,0,1
270,178,0,1
270,181,0,1
270,182,1,0
270,185,0,1
270,187,0,1
270,189,0,1
270,192,0,1
270,197,0,1
270,199,0,1
270,200,0,1
270,201,0,1
270,202,0,1
270,203,0,1
270,204,0,1
270,205,0,1
270,207,0,1
270,208,0,1
270,209,0,1
270,210,0,1
270,217,0,1
270,222,0,1
270,231,0,1
270,241,0,1
270,242,0,1
270,247,0,1
270,248,0,1
270,249,0,1
270,251,0,1
270,266,0,1
270,267,0,1
270,283,0,1
270,285,0,1
270,295,0,1
270,299,0,1
270,301,0,1
270,304,0,1
270,308,0,1
270,312,0,1
270,315,0,1
270,316,0,1
270,321,0,1
270,327,0,1
270,329,0,1
270,330,0,1
270,332,0,1
270,339,0,1
270,342,0,1
270,357,0,1
270,365,0,1
270,366,0,1
270,367,0,1
270,368,0,1
270,370,0,1
270,371,0,1
270,374,0,1
270,378,0,1
270,379,0,1
270,380,0,1
270,401,0,1
270,404,0,1
270,408,0,1
270,409,0,1
270,411,0,1
270,412,0,1
270,413,0,1
270,414,0,1
270,415,0,1
270,418,0,1
270,420,0,1
270,421,0,1
270,422,0,1
270,424,0,1
270,429,0,1
270,438,0,1
270,450,0,1
270,460,0,1
270,463,0,1
270,478,0,1
270,485,0,1
270,490,0,1
270,493,0,1
270,494,0,1
270,496,0,1
295,77,0,1
295,81,1,0
295,91,0,1
295,104,0,1
295,115,0,1
295,148,1,0
295,163,0,1
295,168,0,1
295,172,0,1
295,228,0,1
295,230,0,1
295,233,0,1
295,259,0,1
295,261,0,1
295,293,0,1
295,305,1,0
295,318,1,0
295,320,0,1
295,346,0,1
295,359,1,0
295,363,0,1
295,391,1,0
295,416,0,1
295,431,0,1
295,436,0,1
295,442,0,1
295,477,0,1
295,484,0,1
296,77,0,1
296,81,1,0
296,91,0,1
296,104,0,1
296,115,0,1
296,148,1,0
296,163,0,1
296,168,0,1
296,172,0,1
296,228,0,1
296,230,0,1
296,233,0,1
296,259,1,0
296,261,0,1
296,293,0,1
296,305,0,1
296,318,1,0
296,320,0,1
296,346,0,1
296,359,0,1
296,363,0,1
296,391,0,1
296,416,0,1
296,431,0,1
296,436,0,1
296,442,0,1
296,477,0,1
296,484,0,1
297,77,0,1
297,81,1,0
297,91,0,1
297,104,0,1
297,115,0,1
297,148,1,0
297,163,0,1
297,168,0,1
297,172,0,1
297,228,0,1
297,230,0,1
297,233,0,1
297,259,1,0
297,261,0,1
297,293,0,1
297,305,0,1
297,318,1,0
297,320,0,1
297,346,0,1
297,359,0,1
297,363,0,1
297,391,0,1
297,416,1,0
297,431,0,1
297,436,0,1
297,442,0,1
297,477,0,1
297,484,0,1
298,77,0,1
298,81,1,0
298,91,0,1
298,104,0,1
298,115,0,1
298,148,1,0
298,163,0,1
298,168,0,1
298,172,0,1
298,228,0,1
298,230,0,1
298,233,0,1
298,259,1,0
298,261,0,1
298,293,0,1
298,305,0,1
298,318,1,0
298,320,0,1
298,346,0,1
298,359,0,1
298,363,0,1
298,391,0,1
298,416,1,0
298,431,0,1
298,436,0,1
298,442,0,1
298,477,0,1
298,484,0,1
299,77,0,1
299,81,1,0
299,91,0,1
299,104,0,1
299,115,0,1
299,148,1,0
299,163,0,1
299,168,0,1
299,172,0,1
299,228,0,1
299,230,0,1
299,233,0,1
299,259,1,0
299,261,0,1
299,293,0,1
299,305,0,1
299,318,1,0
299,320,0,1
299,346,0,1
299,359,0,1
299,363,0,1
299,391,1,0
299,416,1,0
299,431,0,1
299,436,0,1
299,442,0,1
299,477,0,1
299,484,0,1
300,77,0,1
300,81,0,1
300,91,0,1
300,104,0,1
300,115,0,1
300,148,0,1
300,163,0,1
300,168,0,1
300,172,0,1
300,228,0,1
300,230,0,1
300,233,0,1
300,259,1,0
300,261,0,1
300,293,0,1
300,305,0,1
300,318,1,0
300,320,0,1
300,346,0,1
300,359,0,1
300,363,0,1
300,391,1,0
300,416,0,1
300,431,0,1
300,436,0,1
300,442,0,1
300,477,0,1
300,484,0,1
319,31,1,0
319,63,0,1
319,87,1,0
319,88,0,1
319,158,0,1
319,319,1,0
319,375,0,1
319,386,0,1
319,402,1,0
319,417,0,1
319,452,0,1
320,31,1,0
320,63,0,1
320,87,1,0
320,88,0,1
320,158,0,1
320,319,1,0
320,375,0,1
320,386,0,1
320,402,1,0
320,417,0,1
320,452,0,1
321,31,1,0
321,63,0,1
321,87,1,0
321,88,0,1
321,158,0,1
321,319,1,0
321,375,0,1
321,386,0,1
321,402,1,0
321,417,0,1
321,452,0,1
322,31,1,0
322,63,0,1
322,87,1,0
322,88,0,1
322,158,0,1
322,319,1,0
322,375,0,1
322,386,0,1
322,402,1,0
322,417,0,1
322,452,0,1
323,31,1,0
323,63,0,1
323,87,1,0
323,88,0,1
323,158,0,1
323,319,1,0
323,375,0,1
323,386,0,1
323,402,1,0
323,417,0,1
323,452,0,1
324,31,1,0
324,63,0,1
324,87,1,0
324,88,0,1
324,158,0,1
324,319,1,0
324,375,0,1
324,386,0,1
324,402,1,0
324,417,0,1
324,452,0,1
325,31,1,0
325,63,0,1
325,87,1,0
325,88,0,1
325,158,0,1
325,319,1,0
325,375,0,1
325,386,0,1
325,402,1,0
325,417,0,1
325,452,0,1
327,31,1,0
327,63,0,1
327,87,1,0
327,88,0,1
327,158,0,1
327,319,1,0
327,375,0,1
327,386,0,1
327,402,1,0
327,417,0,1
327,452,0,1
328,31,1,0
328,63,0,1
328,87,1,0
328,88,0,1
328,158,0,1
328,319,1,0
328,375,0,1
328,386,0,1
328,402,1,0
328,417,0,1
328,452,0,1
329,31,1,0
329,63,0,1
329,87,1,0
329,88,0,1
329,158,0,1
329,319,1,0
329,375,0,1
329,386,0,1
329,402,1,0
329,417,0,1
329,452,0,1
330,31,1,0
330,63,0,1
330,87,1,0
330,88,0,1
330,158,0,1
330,319,1,0
330,375,0,1
330,386,0,1
330,402,1,0
330,417,0,1
330,452,0,1
331,31,1,0
331,63,0,1
331,87,1,0
331,88,0,1
331,158,0,1
331,319,1,0
331,375,0,1
331,386,0,1
331,402,1,0
331,417,0,1
331,452,0,1
332,31,1,0
332,63,0,1
332,87,1,0
332,88,0,1
332,158,0,1
332,319,1,0
332,375,0,1
332,386,0,1
332,402,1,0
332,417,0,1
332,452,0,1
403,10,0,1
403,343,0,1
403,394,0,1
403,423,0,1
403,446,0,1
403,457,0,1
403,458,1,0
403,488,0,1
404,10,1,0
404,343,0,1
404,394,0,1
404,423,0,1
404,446,0,1
404,457,0,1
404,458,1,0
404,488,0,1
405,10,1,0
405,343,0,1
405,394,0,1
405,423,0,1
405,446,0,1
405,457,0,1
405,458,1,0
405,488,0,1
406,10,1,0
406,343,0,1
406,394,0,1
406,423,0,1
406,446,0,1
406,457,0,1
406,458,1,0
406,488,0,1
407,10,1,0
407,343,0,1
407,394,0,1
407,423,0,1
407,446,0,1
407,457,0,1
407,458,1,0
407,488,0,1
408,10,0,1
408,343,0,1
408,394,0,1
408,423,0,1
408,446,0,1
408,457,0,1
408,458,0,1
408,488,0,1
431,33,0,1
431,102,1,0
431,188,0,1
431,216,0,1
431,218,0,1
431,355,0,1
431,447,0,1
431,497,0,1
432,33,0,1
432,102,1,0
432,188,0,1
432,216,0,1
432,218,0,1
432,355,0,1
432,447,0,1
432,497,0,1
433,33,0,1
433,102,1,0
433,188,0,1
433,216,0,1
433,218,0,1
433,355,0,1
433,447,0,1
433,497,0,1
434,33,0,1
434,102,1,0
434,188,0,1
434,216,0,1
434,218,0,1
434,355,0,1
434,447,0,1
434,497,0,1
435,33,0,1
435,102,1,0
435,188,0,1
435,216,0,1
435,218,0,1
435,355,0,1
435,447,0,1
435,497,0,1
436,33,0,1
436,102,1,0
436,188,0,1
436,216,0,1
436,218,0,1
436,355,0,1
436,447,0,1
436,497,0,1
455,45,0,1
455,68,1,0
455,69,1,0
455,108,0,1
455,120,0,1
455,157,1,0
455,481,0,1
456,45,0,1
456,68,0,1
456,69,0,1
456,108,0,1
456,120,1,0
456,157,1,0
456,481,1,0
457,45,1,0
457,68,1,0
457,69,1,0
457,108,1,0
457,120,0,1
457,157,0,1
457,481,0,1
458,45,1,0
458,68,1,0
458,69,1,0
458,108,1,0
458,120,0,1
458,157,1,0
458,481,0,1
459,45,1,0
459,68,1,0
459,69,1,0
459,108,0,1
459,120,0,1
459,157,1,0
459,481,0,1
460,45,0,1
460,68,0,1
460,69,1,0
460,108,0,1
460,120,0,1
460,157,0,1
460,481,0,1
461,45,0,1
461,68,0,1
461,69,1,0
461,108,0,1
461,120,0,1
461,157,1,0
461,481,0,1
481,9,1,0
481,23,1,0
481,149,1,0
481,151,0,1
481,155,0,1
481,169,0,1
481,322,0,1
481,331,0,1
481,333,0,1
481,337,0,1
481,352,0,1
481,410,0,1
481,462,0,1
481,495,0,1
482,9,1,0
482,23,1,0
482,149,1,0
482,151,0,1
482,155,0,1
482,169,0,1
482,322,0,1
482,331,0,1
482,333,0,1
482,337,0,1
482,352,0,1
482,410,0,1
482,462,0,1
482,495,0,1
483,9,1,0
483,23,1,0
483,149,1,0
483,151,0,1
483,155,0,1
483,169,0,1
483,322,0,1
483,331,0,1
483,333,0,1
483,337,0,1
483,352,0,1
483,410,0,1
483,462,0,1
483,495,0,1
484,9,1,0
484,23,1,0
484,149,1,0
484,151,0,1
484,155,0,1
484,169,0,1
484,322,0,1
484,331,0,1
484,333,0,1
484,337,0,1
484,352,0,1
484,410,0,1
484,462,0,1
484,495,0,1
485,9,1,0
485,23,1,0
485,149,1,0
485,151,0,1
485,155,0,1
485,169,0,1
485,322,0,1
485,331,0,1
485,333,0,1
485,337,0,1
485,352,0,1
485,410,0,1
485,462,0,1
485,495,0,1
785,501,1,0
786,501,1,0
787,501,1,0
788,501,1,0
789,501,1,0
785,546,0,1
786,546,0,1
787,546,0,1
788,546,0,1
789,546,0,1
785,752,0,1
786,752,0,1
787,752,0,1
788,752,0,1
789,752,0,1
785,765,0,1
786,765,0,1
787,765,0,1
788,765,0,1
789,765,0,1
785,802,0,1
786,802,0,1
787,802,0,1
788,802,0,1
789,802,0,1
785,822,0,1
786,822,0,1
787,822,0,1
788,822,0,1
789,822,0,1
785,852,0,1
786,852,0,1
787,852,0,1
788,852,0,1
789,852,0,1
785,893,0,1
786,893,0,1
787,893,0,1
788,893,0,1
789,893,0,1
785,912,1,0
786,912,1,0
787,912,1,0
788,912,1,0
789,912,1,0
785,966,0,1
786,966,0,1
787,966,0,1
788,966,0,1
789,966,0,1
680,517,0,1
681,517,0,1
682,517,0,1
680,668,0,1
681,668,0,1
682,668,0,1
680,763,0,1
681,763,0,1
682,763,0,1
680,801,0,1
681,801,0,1
682,801,0,1
680,892,1,0
681,892,1,0
682,892,1,0
680,906,1,0
681,906,1,0
682,906,1,0
680,930,0,1
681,930,0,1
682,930,0,1
680,935,0,1
681,935,0,1
682,935,0,1
680,990,0,1
681,990,0,1
682,990,0,1
512,523,0,1
513,523,0,1
514,523,0,1
515,523,0,1
512,530,1,0
513,530,1,0
514,530,1,0
515,530,1,0
512,548,0,1
513,548,0,1
514,548,0,1
515,548,0,1
512,617,0,1
513,617,0,1
514,617,0,1
515,617,0,1
512,688,0,1
513,688,0,1
514,688,0,1
515,688,0,1
512,769,0,1
513,769,0,1
514,769,0,1
515,769,0,1
512,789,1,0
513,789,1,0
514,789,1,0
515,789,1,0
512,815,0,1
513,815,0,1
514,815,0,1
515,815,0,1
512,818,0,1
513,818,0,1
514,818,0,1
515,818,0,1
512,824,0,1
513,824,0,1
514,824,0,1
515,824,0,1
512,837,1,0
513,837,1,0
514,837,1,0
515,837,1,0
512,856,0,1
513,856,0,1
514,856,0,1
515,856,0,1
512,860,1,0
513,860,1,0
514,860,1,0
515,860,1,0
512,882,0,1
513,882,0,1
514,882,0,1
515,882,0,1
512,910,0,1
513,910,0,1
514,910,0,1
515,910,0,1
512,928,0,1
513,928,0,1
514,928,0,1
515,928,0,1
512,936,1,0
513,936,1,0
514,936,1,0
515,936,1,0
512,946,1,0
513,946,1,0
514,946,1,0
515,946,1,0
512,947,0,1
513,947,0,1
514,947,0,1
515,947,0,1
512,973,0,1
513,973,0,1
514,973,0,1
515,973,0,1
552,804,1,0
553,804,0,1
554,804,0,1
555,804,1,0
556,804,0,1
557,804,1,0
552,914,1,0
553,914,1,0
554,914,1,0
555,914,1,0
556,914,0,1
557,914,1,0
552,941,1,0
553,941,0,1
554,941,0,1
555,941,1,0
556,941,0,1
557,941,1,0
655,805,0,1
656,805,0,1
657,805,0,1
658,805,0,1
659,805,0,1
655,883,0,1
656,883,1,0
657,883,1,0
658,883,1,0
659,883,1,0
655,896,0,1
656,896,0,1
657,896,0,1
658,896,0,1
659,896,0,1
825,876,1,0
826,876,0,1
827,876,1,0
828,876,0,1
829,876,1,0
830,876,1,0
831,876,1,0
825,879,1,0
826,879,0,1
827,879,1,0
828,879,0,1
829,879,1,0
830,879,1,0
831,879,1,0
825,887,1,0
826,887,1,0
827,887,1,0
828,887,1,0
829,887,1,0
830,887,1,0
831,887,1,0
825,891,1,0
826,891,0,1
827,891,1,0
828,891,0,1
829,891,1,0
830,891,1,0
831,891,1,0
825,894,1,0
826,894,0,1
827,894,1,0
828,894,0,1
829,894,1,0
830,894,1,0
831,894,1,0
825,895,1,0
826,895,0,1
827,895,1,0
828,895,0,1
829,895,1,0
830,895,1,0
831,895,1,0
825,902,1,0
826,902,0,1
827,902,1,0
828,902,0,1
829,902,1,0
830,902,1,0
831,902,1,0
825,911,0,1
826,911,0,1
827,911,0,1
828,911,0,1
829,911,0,1
830,911,0,1
831,911,0,1
825,920,1,0
826,920,0,1
827,920,1,0
828,920,0,1
829,920,1,0
830,920,1,0
831,920,1,0
825,922,1,0
826,922,0,1
827,922,1,0
828,922,0,1
829,922,1,0
830,922,1,0
831,922,1,0
825,942,1,0
826,942,1,0
827,942,1,0
828,942,1,0
829,942,1,0
830,942,1,0
831,942,1,0
600,903,1,0
601,903,1,0
602,903,1,0
603,903,1,0
604,903,1,0
605,903,1,0
606,903,1,0
600,923,0,1
601,923,0,1
602,923,0,1
603,923,0,1
604,923,0,1
605,923,0,1
606,923,0,1
710,915,1,0
711,915,1,0
712,915,1,0
713,915,1,0
714,915,1,0
715,915,1,0
716,915,1,0
717,915,1,0
718,915,1,0
719,915,1,0
720,915,1,0
710,995,1,0
711,995,1,0
712,995,1,0
713,995,1,0
714,995,1,0
715,995,1,0
716,995,1,0
717,995,1,0
718,995,1,0
719,995,1,0
720,995,1,0
